id,reason
train_0236.jpg,overlap_with_test
train_0316.jpg,overlap_with_test
train_0327.jpg,overlap_with_dev
train_0383.jpg,overlap_with_test
train_0731.jpg,overlap_with_test
train_0748.jpg,overlap_with_test
train_0876.jpg,overlap_with_test
train_1358.jpg,overlap_with_test
train_1382.jpg,overlap_with_test
train_1532.jpg,overlap_with_test
train_1852.jpg,overlap_with_test
train_2165.jpg,overlap_with_test
train_2281.jpg,overlap_with_dev
train_2457.jpg,train_internal_duplicate
train_2658.jpg,overlap_with_test
train_2951.jpg,overlap_with_test
train_3088.jpg,train_internal_duplicate
train_3151.jpg,overlap_with_test
train_3168.jpg,train_internal_duplicate
train_3481.jpg,train_internal_duplicate
train_3959.jpg,train_internal_duplicate
train_4205.jpg,overlap_with_test
train_4458.jpg,train_internal_duplicate
train_4679.jpg,train_internal_duplicate
train_4994.jpg,overlap_with_test
train_5048.jpg,overlap_with_dev
train_5138.jpg,overlap_with_test
train_5174.jpg,overlap_with_test
train_5254.jpg,train_internal_duplicate
train_5432.jpg,overlap_with_test
train_5449.jpg,overlap_with_dev
train_5453.jpg,overlap_with_test
train_5494.jpg,overlap_with_test
train_5592.jpg,overlap_with_test
train_6175.jpg,overlap_with_test
train_6182.jpg,overlap_with_test
train_6285.jpg,train_internal_duplicate
train_6366.jpg,overlap_with_test
train_6386.jpg,overlap_with_test
train_6393.jpg,train_internal_duplicate
train_6410.jpg,overlap_with_test
train_6564.jpg,overlap_with_test
train_6619.jpg,overlap_with_test
train_6676.jpg,overlap_with_test
train_6678.jpg,train_internal_duplicate
train_3925.jpg,"teacher_missing_letter_logprob (KD·CE 비교를 같은 6,001건으로 맞추기 위해 제외)"
