group_id,split_a,stem_a,split_b,stem_b,file_size,crc32,cross_split
1,test,test_3865,train,train_0236,104196,84417786,True
2,test,test_2198,train,train_2951,104613,6e439fc3,True
3,test,test_1792,test,test_6400,105604,11c71f84,False
4,train,train_1223,train,train_5254,106469,092611bf,False
5,test,test_0480,train,train_1852,108006,9e24850e,True
6,test,test_3836,test,test_4376,110613,aa2e5564,False
7,test,test_1381,test,test_2718,116161,a3b80818,False
8,test,test_4113,train,train_2165,117838,51bb0d0c,True
9,test,test_4971,train,train_6676,124174,308516bb,True
10,train,train_0214,train,train_2457,124902,3ba9933d,False
11,test,test_0558,test,test_3536,125411,6aa8c6ec,False
12,test,test_5052,train,train_6564,126141,cc0c19ac,True
13,train,train_0217,train,train_6393,129823,1c25b09e,False
14,test,test_1050,test,test_5869,130775,8fa54b7b,False
15,test,test_0611,train,train_4205,131099,d79c541a,True
16,test,test_1023,train,train_2658,135907,4993a858,True
17,dev,dev_2080,test,test_6332,141918,e1c6feb4,True
18,test,test_4329,train,train_6175,142879,437cf169,True
19,dev,dev_0123,train,train_0327,148965,9690a28a,True
20,test,test_4101,train,train_6410,153279,beacccf0,True
21,test,test_5079,train,train_5494,161693,ccedf918,True
22,train,train_0604,train,train_3168,162297,667557b0,False
23,dev,dev_1081,train,train_5449,170820,e2823728,True
24,dev,dev_1580,test,test_6563,171365,1553f841,True
25,test,test_1178,train,train_1532,177773,b328256f,True
26,test,test_1188,train,train_5432,216282,4f94b57e,True
27,test,test_6123,train,train_5174,49848,1863fdcb,True
28,test,test_1652,train,train_5138,53834,1640ab04,True
29,test,test_6018,train,train_0316,53911,ed54128a,True
30,dev,dev_2517,train,train_5048,59725,7cd4721f,True
31,test,test_4511,train,train_1382,62929,61d81e06,True
32,train,train_2428,train,train_4679,69112,9889bda7,False
33,train,train_1124,train,train_3088,72979,ae025680,False
34,dev,dev_2046,test,test_6319,75882,3c81595f,True
35,test,test_5573,train,train_5592,81219,91d09674,True
36,test,test_6265,train,train_0876,82528,94a4b2dd,True
37,train,train_1842,train,train_6678,83341,ef9fb313,False
38,dev,dev_0171,test,test_4084,83909,29c3a418,True
39,test,test_5875,train,train_0748,84384,97099ffe,True
40,test,test_0603,test,test_1582,85955,323a2487,False
41,test,test_6101,train,train_6182,96435,be825aad,True
42,test,test_2638,train,train_0383,97686,270cdaf2,True
43,test,test_6565,train,train_0731,99273,44ced3e1,True
44,test,test_1899,test,test_3486,99633,eb24105e,False
45,test,test_0933,train,train_3151,99739,36e8f710,True
