id,reason,detail
train_0029.jpg,structural_defect,깨진_보기(a)
train_0034.jpg,structural_defect,깨진_보기(b;d)
train_0047.jpg,structural_defect,보기중복(a=d)
train_0055.jpg,structural_defect,깨진_보기(c)
train_0931.jpg,structural_defect,보기중복(b=d)
train_0971.jpg,structural_defect,보기중복(c=d)
train_1002.jpg,structural_defect,깨진_보기(a;b)
train_1398.jpg,structural_defect,보기중복(b=d)
train_1557.jpg,structural_defect,보기중복(b=d)
train_1677.jpg,structural_defect,보기중복(a=c;a=d;c=d)
train_1731.jpg,structural_defect,깨진_보기(a)
train_1814.jpg,structural_defect,보기중복(b=c)
train_2730.jpg,structural_defect,보기중복(a=c)
train_2761.jpg,structural_defect,보기중복(a=b;a=c;b=c)
train_2771.jpg,structural_defect,보기중복(a=d)
train_2971.jpg,structural_defect,보기중복(a=c)
train_3786.jpg,structural_defect,깨진_보기(a;b;c;d)
train_4033.jpg,structural_defect,보기중복(c=d)
train_4660.jpg,structural_defect,보기중복(b=c)
train_5032.jpg,structural_defect,보기중복(c=d)
train_5245.jpg,structural_defect,보기중복(b=d)
train_5771.jpg,structural_defect,보기중복(a=c)
train_5847.jpg,structural_defect,깨진_보기(a)
train_5935.jpg,structural_defect,보기중복(a=b)
train_5972.jpg,structural_defect,보기중복(c=d)
train_6213.jpg,structural_defect,보기중복(a=c)
train_0236.jpg,overlap_with_test,test_3865.jpg
train_0316.jpg,overlap_with_test,test_6018.jpg
train_0327.jpg,overlap_with_dev,dev_0123.jpg
train_0383.jpg,overlap_with_test,test_2638.jpg
train_0731.jpg,overlap_with_test,test_6565.jpg
train_0748.jpg,overlap_with_test,test_5875.jpg
train_0876.jpg,overlap_with_test,test_6265.jpg
train_1358.jpg,overlap_with_test,test_3204.jpg
train_1382.jpg,overlap_with_test,test_4511.jpg
train_1532.jpg,overlap_with_test,test_1178.jpg
train_1852.jpg,overlap_with_test,test_0480.jpg
train_2165.jpg,overlap_with_test,test_4113.jpg
train_2281.jpg,overlap_with_dev,dev_0055.jpg
train_2457.jpg,train_internal_duplicate,train_0214.jpg
train_2658.jpg,overlap_with_test,test_1023.jpg
train_2951.jpg,overlap_with_test,test_2198.jpg
train_3088.jpg,train_internal_duplicate,train_1124.jpg
train_3151.jpg,overlap_with_test,test_0933.jpg
train_3168.jpg,train_internal_duplicate,train_0604.jpg
train_3481.jpg,train_internal_duplicate,train_1894.jpg
train_3959.jpg,train_internal_duplicate,train_3103.jpg
train_4205.jpg,overlap_with_test,test_0611.jpg
train_4458.jpg,train_internal_duplicate,train_0395.jpg
train_4679.jpg,train_internal_duplicate,train_2428.jpg
train_4994.jpg,overlap_with_test,test_5296.jpg
train_5048.jpg,overlap_with_dev,dev_2517.jpg
train_5138.jpg,overlap_with_test,test_1652.jpg
train_5174.jpg,overlap_with_test,test_6123.jpg
train_5254.jpg,train_internal_duplicate,train_1223.jpg
train_5432.jpg,overlap_with_test,test_1188.jpg
train_5449.jpg,overlap_with_dev,dev_1081.jpg
train_5453.jpg,overlap_with_test,test_3013.jpg
train_5494.jpg,overlap_with_test,test_5079.jpg
train_5592.jpg,overlap_with_test,test_5573.jpg
train_6175.jpg,overlap_with_test,test_4329.jpg
train_6182.jpg,overlap_with_test,test_6101.jpg
train_6285.jpg,train_internal_duplicate,train_2132.jpg
train_6366.jpg,overlap_with_test,test_2906.jpg
train_6386.jpg,overlap_with_test,test_1890.jpg
train_6393.jpg,train_internal_duplicate,train_0217.jpg
train_6410.jpg,overlap_with_test,test_4101.jpg
train_6564.jpg,overlap_with_test,test_5052.jpg
train_6619.jpg,overlap_with_test,test_2570.jpg
train_6676.jpg,overlap_with_test,test_4971.jpg
train_6678.jpg,train_internal_duplicate,train_1842.jpg
