id,reason,duplicate_of,phash_distance,exact_sha256
train_0236.jpg,overlap_with_test,test_3865.jpg,0,True
train_0316.jpg,overlap_with_test,test_6018.jpg,0,True
train_0327.jpg,overlap_with_dev,dev_0123.jpg,0,True
train_0383.jpg,overlap_with_test,test_2638.jpg,0,True
train_0731.jpg,overlap_with_test,test_6565.jpg,0,True
train_0748.jpg,overlap_with_test,test_5875.jpg,0,True
train_0876.jpg,overlap_with_test,test_6265.jpg,0,True
train_1358.jpg,overlap_with_test,test_3204.jpg,0,False
train_1382.jpg,overlap_with_test,test_4511.jpg,0,True
train_1532.jpg,overlap_with_test,test_1178.jpg,0,True
train_1852.jpg,overlap_with_test,test_0480.jpg,0,True
train_2165.jpg,overlap_with_test,test_4113.jpg,0,True
train_2281.jpg,overlap_with_dev,dev_0055.jpg,0,False
train_2457.jpg,train_internal_duplicate,train_0214.jpg,0,True
train_2658.jpg,overlap_with_test,test_1023.jpg,0,True
train_2951.jpg,overlap_with_test,test_2198.jpg,0,True
train_3088.jpg,train_internal_duplicate,train_1124.jpg,0,True
train_3151.jpg,overlap_with_test,test_0933.jpg,0,True
train_3168.jpg,train_internal_duplicate,train_0604.jpg,0,True
train_3481.jpg,train_internal_duplicate,train_1894.jpg,0,False
train_3959.jpg,train_internal_duplicate,train_3103.jpg,0,False
train_4205.jpg,overlap_with_test,test_0611.jpg,0,True
train_4458.jpg,train_internal_duplicate,train_0395.jpg,4,False
train_4679.jpg,train_internal_duplicate,train_2428.jpg,0,True
train_4994.jpg,overlap_with_test,test_5296.jpg,0,False
train_5048.jpg,overlap_with_dev,dev_2517.jpg,0,True
train_5138.jpg,overlap_with_test,test_1652.jpg,0,True
train_5174.jpg,overlap_with_test,test_6123.jpg,0,True
train_5254.jpg,train_internal_duplicate,train_1223.jpg,0,True
train_5432.jpg,overlap_with_test,test_1188.jpg,0,True
train_5449.jpg,overlap_with_dev,dev_1081.jpg,0,True
train_5453.jpg,overlap_with_test,test_3013.jpg,0,False
train_5494.jpg,overlap_with_test,test_5079.jpg,0,True
train_5592.jpg,overlap_with_test,test_5573.jpg,0,True
train_6175.jpg,overlap_with_test,test_4329.jpg,0,True
train_6182.jpg,overlap_with_test,test_6101.jpg,0,True
train_6285.jpg,train_internal_duplicate,train_2132.jpg,6,False
train_6366.jpg,overlap_with_test,test_2906.jpg,0,False
train_6386.jpg,overlap_with_test,test_1890.jpg,0,False
train_6393.jpg,train_internal_duplicate,train_0217.jpg,0,True
train_6410.jpg,overlap_with_test,test_4101.jpg,0,True
train_6564.jpg,overlap_with_test,test_5052.jpg,0,True
train_6619.jpg,overlap_with_test,test_2570.jpg,0,False
train_6676.jpg,overlap_with_test,test_4971.jpg,0,True
train_6678.jpg,train_internal_duplicate,train_1842.jpg,0,True
